Date,Index Value
2018-01-02,0.008456214358261407
2018-01-03,0.0074949807264763505
2018-01-04,0.0020140295390489124
2018-01-05,0.008546694976005636
2018-01-08,-0.00609227009501443
2018-01-09,0.003303111083834777
2018-01-10,0.0005145945715301139
2018-01-11,0.0038091376587248726
2018-01-12,0.007440062250678957
2018-01-16,0.0026793152087858647
2018-01-17,0.009753234427797255
2018-01-18,-0.0044257479841291
2018-01-19,0.0017407604237505113
2018-01-22,0.006246129892320472
2018-01-23,-0.008073150291500351
2018-01-24,0.0019947785132780494
2018-01-25,0.01056273875898345
2018-01-26,0.029867328409447575
2018-01-29,-0.0006357588819385088
2018-01-30,-0.0202783219959488
2018-01-31,-0.03218553091953827
2018-02-01,0.009925084360918173
2018-02-02,-0.012464604176671355
2018-02-05,-0.0482172496800513
2018-02-06,0.00741366461350329
2018-02-07,-0.0033860787704847357
2018-02-08,-0.03268674448180234
2018-02-09,0.019335578261648962
2018-02-12,0.00544147686001566
2018-02-13,-0.0018760642638315842
2018-02-14,0.011190117102752474
2018-02-15,0.016647347708916807
2018-02-16,0.011031111881178009
2018-02-20,-0.015089341076265885
2018-02-21,-0.004815814832658399
2018-02-22,-0.0023085669709605487
2018-02-23,0.018120841033294182
2018-02-26,0.015922943143047666
2018-02-27,-0.015375135568684875
2018-02-28,-0.01434186210721413
2018-03-01,-0.011266901192519312
2018-03-02,0.01214296930541286
2018-03-05,0.008441627035312102
2018-03-06,-0.006306860447245697
2018-03-07,0.0027797847132295865
2018-03-08,0.014614359623475242
2018-03-09,0.013211694054330493
2018-03-12,-0.0043898749171031645
2018-03-13,0.0018015914630735077
2018-03-14,-0.005911240860961703
2018-03-15,-0.0025501993061051785
2018-03-16,0.009285370159986178
2018-03-19,-0.02026358145040615
2018-03-20,0.0002772212011666023
2018-03-21,-0.0013252374381948007
2018-03-22,-0.034240464526768946
2018-03-23,-0.021384374122207308
2018-03-26,0.016035148467199868
2018-03-27,-0.01164446043060835
2018-03-28,0.011866461273636414
2018-03-29,0.004459447487608625
2018-04-02,-0.025890932449953972
2018-04-03,0.016308023887876125
2018-04-04,0.015691525427952817
2018-04-05,-0.004208224764387261
2018-04-06,-0.02431651612302968
2018-04-09,0.013177686667743051
2018-04-10,0.01946800347618938
2018-04-11,-0.006538246849938362
2018-04-12,0.0054836721202331535
2018-04-13,0.0012555648050602355
2018-04-16,0.004230637916544347
2018-04-17,0.0036311258864890846
2018-04-18,-0.004018299798853292
2018-04-19,-0.004880363113606066
2018-04-20,-0.0058192598959249005
2018-04-23,0.009227557577601587
2018-04-24,-0.006062072471004912
2018-04-25,0.005848800144965752
2018-04-26,0.01689151035838124
2018-04-27,0.001604764246352886
2018-04-30,-0.017402963949987933
2018-05-01,-0.006532341589553318
2018-05-02,-0.011323144949161628
2018-05-03,-0.005204931649567647
2018-05-04,0.00448380120469357
2018-05-07,-0.0006214474616948742
2018-05-08,-0.0035671038639649203
2018-05-09,0.009462424707257845
2018-05-10,0.013635453735485019
2018-05-11,0.020735113795095992
2018-05-14,0.0059149480670387155
2018-05-15,-0.011932476582721289
2018-05-16,0.0027060598456725626
2018-05-17,0.0009051428429589114
2018-05-18,0.0033790086534983147
2018-05-21,-0.003186466990097607
2018-05-22,-0.00010793707628978407
2018-05-23,0.005163940021712402
2018-05-24,-0.0039191332237286675
2018-05-25,-0.0020629508152429656
2018-05-29,-0.008762073354235301
2018-05-30,0.018125593921487073
2018-05-31,-0.004227777739651748
2018-06-01,0.006026416001262845
2018-06-04,0.006390247836558776
2018-06-05,-0.004475679843900328
2018-06-06,0.0097529613826494
2018-06-07,-0.0014932589588683661
2018-06-08,0.006403809198687621
2018-06-11,-0.00399703157189148
2018-06-12,-0.0017763564541536257
2018-06-13,-0.0008984627311111681
2018-06-14,0.005200079693816048
2018-06-15,0.004512393777889966
2018-06-18,-0.010258845661495446
2018-06-19,0.006055279552468771
2018-06-20,0.0015337566251658634
2018-06-21,-0.007068543396837279
2018-06-22,0.0012659141630751115
2018-06-25,-0.006085042497369973
2018-06-26,-0.005788998357740805
2018-06-27,-0.006366532010566495
2018-06-28,0.007481122313947746
2018-06-29,0.007276147426154727
2018-07-02,0.003545454283004428
2018-07-03,0.0044802108569059135
2018-07-05,0.00963814066442752
2018-07-06,0.015252169796434532
2018-07-09,0.0035230539381525526
2018-07-10,0.004971979449758668
2018-07-11,-0.009937563389972134
2018-07-12,0.012685045255693238
2018-07-13,0.004174583571096119
2018-07-16,-0.006693943752758649
2018-07-17,0.007104095524014366
2018-07-18,0.0014797289199414592
2018-07-19,-0.012118472359773879
2018-07-20,-0.006169374416217845
2018-07-23,0.0018635953401387254
2018-07-24,0.026903700530417983
2018-07-25,0.016610403501486
2018-07-26,-0.003327982814415083
2018-07-27,-0.002275262143412946
2018-07-30,0.010239832790950368
2018-07-31,0.00981756397067892
2018-08-01,0.0024385282600083076
2018-08-02,0.004279683597601026
2018-08-03,0.00840866542721187
2018-08-06,0.005475563586410566
2018-08-07,-0.002309564190879348
2018-08-08,-0.0015503703129465956
2018-08-09,-0.001985777745551187
2018-08-10,-0.0009658708314723495
2018-08-13,0.0017879851596272714
2018-08-14,0.0004414131857532267
2018-08-15,0.0060386439297853995
2018-08-16,0.01287540760202458
2018-08-17,0.008973159633984809
2018-08-20,0.0037773765788363563
2018-08-21,-0.004771039658213642
2018-08-22,0.0005410089013383924
2018-08-23,-0.0018556889781645802
2018-08-24,0.004444935934113279
2018-08-27,0.0011496240750161557
2018-08-28,-0.0011764883974637985
2018-08-29,0.005900606520051231
2018-08-30,-0.0004228519784758227
2018-08-31,-0.0015755074254027554
2018-09-04,-0.008417842347402074
2018-09-05,0.00785718115193118
2018-09-06,-0.0033794458476630812
2018-09-07,0.006720988677216436
2018-09-10,-0.0006955475021545596
2018-09-11,-0.0038578060887705418
2018-09-12,0.003106326845602964
2018-09-13,0.012639984622408527
2018-09-14,-0.005714240020365945
2018-09-17,-0.0013600864128154432
2018-09-18,0.0034113061348858714
2018-09-19,-0.006913307634614083
2018-09-20,0.009490339094009015
2018-09-21,0.002810043143607269
2018-09-24,-0.0005100468652742593
2018-09-25,-0.0009278274562274857
2018-09-26,0.0031305063561761367
2018-09-27,0.005708041450979069
2018-09-28,0.0030911035645372702
2018-10-01,0.003239808036599259
2018-10-02,0.0021361714117652413
2018-10-03,0.0013291675550847694
2018-10-04,0.005495044514029236
2018-10-05,0.005375824888899094
2018-10-08,0.0033499095984769124
2018-10-09,0.0013319033809559297
2018-10-10,-0.021841450427367074
2018-10-11,-0.03357939540754368
2018-10-12,0.017747282594052467
2018-10-15,-0.005787641981179314
2018-10-16,0.020969908803702943
2018-10-17,0.012152064685488207
2018-10-18,-0.009749394083111703
2018-10-19,-0.009140430582066412
2018-10-22,-0.006951944052306716
2018-10-23,-0.00882309319173357
2018-10-24,-0.035317814686465915
2018-10-25,0.009119538784993329
2018-10-26,-0.00677970120988829
2018-10-29,0.007748271671981497
2018-10-30,0.01006036665755206
2018-10-31,-0.001950252004363766
2018-11-01,0.009339306028234538
2018-11-02,-0.010407487532684492
2018-11-05,0.020298487182126398
2018-11-06,-0.008456051065848248
2018-11-07,0.030462965522303133
2018-11-08,0.0013649153999274971
2018-11-09,0.004990423935572436
2018-11-12,-0.0031309817716648498
2018-11-13,-0.008126891710754503
2018-11-14,-0.010404015729392672
2018-11-15,0.015271723562035088
2018-11-16,0.012384492103183315
2018-11-19,0.0017900715717799286
2018-11-20,-0.010794270410655863
2018-11-21,-0.014642070745838724
2018-11-23,0.00047034521466114053
2018-11-26,0.005956654838465429
2018-11-27,0.014176292397157073
2018-11-28,0.017789193801014493
2018-11-29,0.0065274235977676835
2018-11-30,0.018577812454376924
2018-12-03,-0.00032297771770200645
2018-12-04,-0.019988563699460875
2018-12-06,0.000566598408158124
2018-12-07,-0.02202989727138203
2018-12-10,0.006405715223775214
2018-12-11,0.0029326022057912346
2018-12-12,0.004868947830498183
2018-12-13,0.002494053805249785
2018-12-14,-0.032637757911229116
2018-12-17,-0.021502075095942152
2018-12-18,-0.010597395538876541
2018-12-19,-0.0020812704217162753
2018-12-20,0.0021671089811731354
2018-12-21,-0.008331969674843153
2018-12-24,-0.023624019080686155
2018-12-26,0.045864924266506804
2018-12-27,0.01215599811491624
2018-12-28,0.005316320908775028
2018-12-31,0.01588070531917243
2019-01-02,-0.01251263121412516
2019-01-03,-0.027527415545584348
2019-01-04,0.031853838277675614
2019-01-07,0.005453810451866928
2019-01-08,0.00808327836077078
2019-01-09,-0.0018367766635022864
2019-01-10,-0.0019897229242076034
2019-01-11,0.0027307878313986614
2019-01-14,-0.01573993055780343
2019-01-15,0.016668678332838006
2019-01-16,-0.004368883982269359
2019-01-17,0.016241356128447272
2019-01-18,0.0015494072837880187
2019-01-22,-0.004691375608724284
2019-01-23,0.00011255950851522023
2019-01-24,-0.02001733703388936
2019-01-25,-0.004757969010737586
2019-01-28,-0.011090127244346437
2019-01-29,0.006696291182054247
2019-01-30,0.008793515971071274
2019-01-31,0.01860429009101842
2019-02-01,0.008044251608860095
2019-02-04,-0.006566270063722907
2019-02-05,0.002614718679555611
2019-02-06,-0.003935651574021169
2019-02-07,-0.01222231133947674
2019-02-08,0.010250374828713535
2019-02-11,-0.00592239929808733
2019-02-12,0.013141868245533084
2019-02-13,0.002654595953612613
2019-02-14,0.0040990684017877446
2019-02-15,0.012942507626106914
2019-02-19,-0.0040427192361065425
2019-02-20,0.0018516490052278597
2019-02-21,-0.005680711458766696
2019-02-22,0.012184146814309899
2019-02-25,0.0014526720821446818
2019-02-26,0.0033931712385628183
2019-02-27,0.002112099493815152
2019-02-28,0.003411542139584103
2019-03-01,0.013956630825844467
2019-03-04,-0.006710506831306887
2019-03-05,0.0016309646545026894
2019-03-06,-0.014299574662666844
2019-03-07,-0.007015887168381684
2019-03-08,-0.003797385811392249
2019-03-11,0.00024100573134697221
2019-03-12,0.003683431261027641
2019-03-13,0.0054078450939995006
2019-03-14,-0.0034943701951295845
2019-03-15,0.008187844457687792
2019-03-18,-0.00034148831719289584
2019-03-19,0.005665675421082749
2019-03-20,0.001092770660376086
2019-03-21,0.0009592421480947637
2019-03-22,-0.011036500918046003
2019-03-25,0.0040288835271551655
2019-03-26,0.01309674036866608
2019-03-27,-0.010330659238451466
2019-03-28,0.0020455526393710977
2019-03-29,0.007069726313729045
2019-04-01,-0.001201413327535446
2019-04-02,0.0031599608249318397
2019-04-03,-0.006710620831848043
2019-04-04,-0.008929414722090346
2019-04-05,0.0072842589521807145
2019-04-08,-0.00041297958948517357
2019-04-09,-0.004799225673332086
2019-04-10,0.0027212909659276837
2019-04-11,-0.013074107595979802
2019-04-12,-0.008142273800388941
2019-04-15,0.0015426452505600196
2019-04-16,-0.016987771356969227
2019-04-17,-0.030232323461110915
2019-04-18,-0.008729120166964982
2019-04-22,0.0019502784253420302
2019-04-23,0.016588859184320303
2019-04-24,-0.0012435744504265607
2019-04-25,0.009858980264466454
2019-04-26,0.006227695432051284
2019-04-29,-0.0008065224311158708
2019-04-30,-0.0023697481094236733
2019-05-01,0.0022777863962248316
2019-05-02,0.0002838707648648277
2019-05-03,0.0013168526624968953
2019-05-06,0.0012446802392483758
2019-05-07,-0.020915375791832794
2019-05-08,0.0036676441799261324
2019-05-09,-0.001932035018949272
2019-05-10,-0.001991882726525279
2019-05-13,-0.015368645159300837
2019-05-14,0.005289695451882072
2019-05-15,0.0051759216210314546
2019-05-16,0.012410501975946623
2019-05-17,-0.004263468222174827
2019-05-20,-0.0009695264508777437
2019-05-21,0.00703164839613934
2019-05-22,0.011383820240366308
2019-05-23,-0.004108434071571905
2019-05-24,-0.0014942137007086494
2019-05-28,-0.012068977602830917
2019-05-29,-0.009977830004896084
2019-05-30,0.003890953493755431
2019-05-31,-0.007348765865320146
2019-06-03,0.006279554844242885
2019-06-04,0.011882121735958168
2019-06-05,0.002144852254484216
2019-06-06,0.002467242961883552
2019-06-07,0.010519640164759885
2019-06-10,-0.011970331277736987
2019-06-11,-0.0016134459046051874
2019-06-12,0.013222404709580698
2019-06-13,-0.010905634423695737
2019-06-14,-0.0005104758145877565
2019-06-17,0.008182115040814088
2019-06-18,0.008350918384522026
2019-06-19,0.006100900192614423
2019-06-20,0.005346459733410609
2019-06-21,0.0025454370640093068
2019-06-24,-0.0032412750671621353
2019-06-25,-0.018376283223883787
2019-06-26,-0.01620910349678583
2019-06-27,0.0058291259197066824
2019-06-28,0.0030370664771466366
2019-07-01,0.010294529773528717
2019-07-02,0.007610973470699305
2019-07-03,0.00892351330256868
2019-07-05,-0.01570474106994961
2019-07-08,-0.011811134352013681
2019-07-09,0.007566837532716799
2019-07-10,0.004367892616277666
2019-07-11,-0.02546409372194161
2019-07-12,-0.014601233443112724
2019-07-15,0.004672821461773851
2019-07-16,-0.0021080974734234096
2019-07-17,-0.004505160428942486
2019-07-18,0.008619142329390175
2019-07-19,-0.010811435051981403
2019-07-22,-0.0023374615425977795
2019-07-23,0.007521945591384238
2019-07-24,0.0008146737467571171
2019-07-25,-0.004416261197870652
2019-07-26,0.003264192804051998
2019-07-29,0.0028405917039550244
2019-07-30,-0.0018637965848570383
2019-07-31,-0.001863961810541357
2019-08-01,0.007475948562644859
2019-08-02,0.005667024534750359
2019-08-05,-0.021241679699107625
2019-08-06,0.012268587559058299
2019-08-07,-0.002896681881374675
2019-08-08,0.017297025103485707
2019-08-09,0.004257779970412573
2019-08-12,-0.006038472202209821
2019-08-13,0.013649257438959908
2019-08-14,-0.03183702327461775
2019-08-15,0.00011708981474984786
2019-08-16,0.012001380667069536
2019-08-19,0.015406381999577834
2019-08-20,-0.01066197317687016
2019-08-21,0.008094405643195537
2019-08-22,-0.001398239265034587
2019-08-23,-0.02262739751207632
2019-08-26,0.014210820297090348
2019-08-27,-0.004474599234448913
2019-08-28,0.005500703592351339
2019-08-29,0.004937123184293812
2019-08-30,0.002005185269889949
2019-09-03,0.0003007423442250367
2019-09-04,-0.0011451252772321809
2019-09-05,0.009024068368672951
2019-09-06,0.0009632240593480284
2019-09-09,-0.020863200412264415
2019-09-10,0.0013331165131156481
2019-09-11,0.009410427376180116
2019-09-12,0.0009873673726658642
2019-09-13,-0.0025203614050487615
2019-09-16,-0.0038656939586027062
2019-09-17,0.005893137282535403
2019-09-18,0.0035255279066605007
2019-09-19,0.006813988724331351
2019-09-20,0.012850847574700204
2019-09-23,-0.007109448200649079
2019-09-24,-0.0074804398364794475
2019-09-25,-0.008461988368970176
2019-09-26,0.000876700691143202
2019-09-27,-0.001052877125215933
2019-09-30,0.005150405089373991
2019-10-01,-0.009903759554287309
2019-10-02,-0.019652353715091327
2019-10-03,0.010864065184392554
2019-10-04,0.013909552030264003
2019-10-07,-0.0031207537934275654
2019-10-08,-0.010241823402676898
2019-10-09,0.0011380744535466132
2019-10-10,0.002897982393413178
2019-10-11,0.01027776458335614
2019-10-14,0.0010116685513137465
2019-10-15,0.012276208593673382
2019-10-16,-0.004644778277456784
2019-10-17,0.004033335728799927
2019-10-18,-0.004953751514720639
2019-10-21,0.00029730003604862195
2019-10-22,0.008641877306281832
2019-10-23,-0.002543334114118668
2019-10-24,-0.0025809569909993318
2019-10-25,0.00809721737417613
2019-10-28,0.014375352259491166
2019-10-29,0.0059673666489394525
2019-10-30,0.012481923338797678
2019-10-31,0.0018283854409555501
2019-11-01,-0.0014388191601108892
2019-11-04,-0.0018354754527139196
2019-11-05,-0.006451968941655182
2019-11-06,0.008109718387574358
2019-11-07,-0.0024287617847027995
2019-11-08,0.014596772483828879
2019-11-11,-0.002664769938322299
2019-11-12,0.004451462844788771
2019-11-13,-0.00034973901573628376
2019-11-14,-0.003802824916842784
2019-11-15,0.016223970055282675
2019-11-18,-0.0011769555468761849
2019-11-19,0.006765488810532484
2019-11-20,-0.0025926223562151894
2019-11-21,0.0030800288722412634
2019-11-22,0.0085095015996659
2019-11-25,0.010454449177865834
2019-11-26,0.0006469314114266344
2019-11-27,0.004979614115862896
2019-11-29,-0.00238560006342285
2019-12-02,-0.004792671159988728
2019-12-03,0.0009622750173345255
2019-12-04,0.010834523298961347
2019-12-05,0.002548673589851582
2019-12-06,0.0025151133241390765
2019-12-09,-0.0018378105355765489
2019-12-10,0.0032186572098405414
2019-12-11,0.001787380408990665
2019-12-12,0.008853901088809195
2019-12-13,-0.0009602363386672755
2019-12-16,0.008896041043757949
2019-12-17,0.007065904918322189
2019-12-18,0.009307915095574494
2019-12-19,0.005223786544011395
2019-12-20,0.008778956993781494
2019-12-23,-0.0008951857730383737
2019-12-24,-0.0012193583309852226
2019-12-26,-0.00033232594453235393
2019-12-27,0.00012727593580290472
2019-12-30,-0.00464446410479866
2019-12-31,0.001982390983871376
2020-01-02,0.0040060931364257965
2020-01-03,-0.007978705303779952
2020-01-06,0.004922185245806544
2020-01-07,-0.0030379243190387
2020-01-08,0.006067024178143533
2020-01-09,0.008288560271101957
2020-01-10,0.0023089607548987734
2020-01-13,0.0008382509977566023
2020-01-14,0.01123613408593192
2020-01-15,0.008831024132436947
2020-01-16,0.0010802105748796262
2020-01-17,-0.004288322445622695
2020-01-21,-0.0016569960261099835
2020-01-22,-0.00014446080682654246
2020-01-23,-0.00585085233650198
2020-01-24,-0.01870303663890242
2020-01-27,-0.0026693269338800307
2020-01-28,0.002509800678269641
2020-01-29,0.0015933272035773332
2020-01-30,0.0009895224459586423
2020-01-31,-0.015644781454649318
2020-02-03,0.010871543646058317
2020-02-04,0.018087494086646297
2020-02-05,0.01954606022382882
2020-02-06,0.0026187720551169307
2020-02-07,-0.0007952178199991085
2020-02-10,0.0031749806250381753
2020-02-11,0.001489259258209219
2020-02-12,-0.004502136303490741
2020-02-13,-0.011166845567920882
2020-02-14,-0.0007213137752924096
2020-02-18,-0.0031531807815915374
2020-02-19,0.0007387772417741706
2020-02-20,0.00023880688576382147
2020-02-21,0.002143251023321533
2020-02-24,-0.020704331629946407
2020-02-25,-0.020419812469600448
2020-02-26,-0.0017751892847501921
2020-02-27,-0.03330761127437034
2020-02-28,-0.01695839350267762
2020-03-02,0.04900763497463598
2020-03-03,-0.023540460699546226
2020-03-04,0.06114129358952638
2020-03-05,-0.012133441633646857
2020-03-06,0.0007951105199896434
2020-03-09,-0.04377051719935944
2020-03-10,0.03558741150395987
2020-03-11,-0.03272144385955094
2020-03-12,-0.07459047984323935
2020-03-13,0.08527268305628956
2020-03-16,-0.0796243008175799
2020-03-17,0.07419248153865914
2020-03-18,-0.01360278183671819
2020-03-19,-0.03973087321622769
2020-03-20,-0.05303445476213846
2020-03-23,-0.0413208743081211
2020-03-24,0.05130973271800131
2020-03-25,-0.008643191192264888
2020-03-26,0.07697611140791952
2020-03-27,-0.013844904859237742
2020-03-30,0.05151799901754028
2020-03-31,0.0014610290541508468
2020-04-01,-0.02478561436545872
2020-04-02,0.037439654715816985
2020-04-03,-0.008776413251688398
2020-04-06,0.03272530715453926
2020-04-07,-0.010238069109994632
2020-04-08,0.03462831426929023
2020-04-09,0.002383018713377916
2020-04-13,-0.0052392321660396585
2020-04-14,0.038918212236499196
2020-04-15,-0.003910022885964046
2020-04-16,0.02131159280985718
2020-04-17,0.01714337175782324
2020-04-20,0.0022424380633260035
2020-04-21,-0.03293420585921736
2020-04-22,0.017579239493204477
2020-04-23,0.011300424261247747
2020-04-24,0.011832562595556631
2020-04-27,0.00438853391887538
2020-04-28,-0.024628448171985822
2020-04-29,-0.006134915585702798
2020-04-30,-0.004330933674494185
2020-05-01,-0.010165602012378613
2020-05-04,6.297234229375147e-05
2020-05-05,0.02689062640708587
2020-05-06,-0.008304288614987795
2020-05-07,-0.011205503070678205
2020-05-08,0.00417437809544948
2020-05-11,0.027692157221183355
2020-05-12,-0.008264872181534953
2020-05-13,-0.0010722441548938406
2020-05-14,0.008528066398070593
2020-05-15,0.00669167514994807
2020-05-18,-0.004294363770919492
2020-05-19,-0.012464945500159358
2020-05-20,-0.005991986273679436
2020-05-21,-0.00379137876366369
2020-05-22,-0.002665076153849861
2020-05-26,-0.014350555838459764
2020-05-27,-0.0007251083563163258
2020-05-28,0.018886491315264972
2020-05-29,0.020319735677020657
2020-06-01,-0.013700914441660165
2020-06-02,0.007291572355873086
2020-06-03,-0.004681183326927615
2020-06-04,-0.007102220258925814
2020-06-05,0.0013784893916240477
2020-06-08,0.0050213562132419695
2020-06-09,-0.001922650806441907
2020-06-10,0.0068749516210189245
2020-06-11,-0.04693890891853986
2020-06-12,0.0007985160319943131
2020-06-15,-0.008263592152288148
2020-06-16,0.06361905087800232
2020-06-17,-0.006133606741329426
2020-06-18,0.00030984012581446977
2020-06-19,0.011222320382819702
2020-06-22,-0.0030003275101856885
2020-06-23,-0.000481186090643159
2020-06-24,-0.019631913501105762
2020-06-25,0.019231596480879385
2020-06-26,-0.00972739023555045
2020-06-29,0.003911240767946174
2020-06-30,0.01401897460099752
2020-07-01,0.006013778569125922
2020-07-02,0.006937015670739623
2020-07-06,0.010288938754856985
2020-07-07,-0.00117192514827599
2020-07-08,0.0022502956680524365
2020-07-09,-0.009655656712513021
2020-07-10,-0.009310142731279098
2020-07-13,0.0031223879578901703
2020-07-14,0.015875236777607372
2020-07-15,0.009809289853147678
2020-07-16,-0.001614345910528582
2020-07-17,0.00968835043951138
2020-07-20,0.0029044432931468072
2020-07-21,-0.010571955209437395
2020-07-22,0.0035764795543550176
2020-07-23,-0.010038731423724565
2020-07-24,-0.014943994836779204
2020-07-27,0.009874005137978158
2020-07-28,0.006026558300221512
2020-07-29,-0.0015602742391694626
2020-07-30,-0.01954294226085167
2020-07-31,-0.008496138896724426
2020-08-03,0.01464872785406718
2020-08-04,-0.001136158460536412
2020-08-05,-0.002081088248016382
2020-08-06,-0.0053125450005761235
2020-08-07,0.0020331552029818098
2020-08-10,-0.004154641551211018
2020-08-11,-0.009262533581543924
2020-08-12,0.019027395287402618
2020-08-13,-0.005120474056614417
2020-08-14,-0.0007094404385372432
2020-08-17,0.010857448327995256
2020-08-18,0.0018670405834185179
2020-08-19,-0.0006193984617932348
2020-08-20,-0.0023322387491478123
2020-08-21,-0.004032115845161675
2020-08-24,-0.0014181852252576387
2020-08-25,0.005785308195092478
2020-08-26,-0.0003918335452216637
2020-08-27,0.006877202111136555
2020-08-28,-0.004842066580364292
2020-08-31,0.005502599083922826
2020-09-01,-0.016878046720145746
2020-09-02,0.019614893895033573
2020-09-03,-0.02154234755837304
2020-09-04,0.0018209483504118607
2020-09-08,-0.01646444783193991
2020-09-09,0.01703878723327931
2020-09-10,-0.025265465286210865
2020-09-11,0.008420744518894225
2020-09-14,0.01084864841641568
2020-09-15,0.005572784147671588
2020-09-16,4.7111879389907326e-05
2020-09-17,0.0029158553045853085
2020-09-18,0.0035081748285872376
2020-09-21,-0.018930246502588226
2020-09-22,-0.0008608416502090732
2020-09-23,-0.006429197826579076
2020-09-24,-0.0060669799317888285
2020-09-25,0.01014896724614967
2020-09-28,0.0006715241416597227
2020-09-29,-0.00460683867134925
2020-09-30,0.012101280915265251
2020-10-01,-0.01071329997023443
2020-10-02,-0.008849275188510699
2020-10-05,0.017725866930631166
2020-10-06,-0.019323226030074584
2020-10-07,0.01985750388433944
2020-10-08,0.010145003452063693
2020-10-09,0.009018612297206494
2020-10-12,-0.00020861565943920088
2020-10-13,-0.013037556230770641
2020-10-14,-0.006866503377526143
2020-10-15,-0.020241118382845032
2020-10-16,0.00800219125999108
2020-10-19,-0.018783609016647496
2020-10-20,-0.0008099017147028389
2020-10-21,-0.011549150105119865
2020-10-22,0.008578310447769317
2020-10-23,0.0027999498919141228
2020-10-26,-0.006228427372467899
2020-10-27,-0.025902945524849594
2020-10-28,-0.021198675833308457
2020-10-29,-0.00020862472035946465
2020-10-30,0.0003694525089363873
2020-11-02,0.015308828264398116
2020-11-03,0.0019046430558474034
2020-11-04,0.0725239701391164
2020-11-05,-0.007187992720931026
2020-11-06,-0.0049610691327187095
2020-11-09,0.004519074641947051
2020-11-10,0.016524085816972955
2020-11-11,-0.003613816931369242
2020-11-12,-0.012072331762170494
2020-11-13,0.013497386183465881
2020-11-16,-0.006608013771568855
2020-11-17,0.0005128569132340384
2020-11-18,-0.013668816031141492
2020-11-19,0.007190354050745776
2020-11-20,0.005955337816076609
2020-11-23,-0.005065242561115183
2020-11-24,0.002453277993139462
2020-11-25,-0.0008975888092316083
2020-11-27,0.012080610416864443
2020-11-30,-0.0014065861784683074
2020-12-01,0.0068110726939116005
2020-12-02,0.0019346248745758692
2020-12-03,-0.0042935059704135746
2020-12-04,0.015102274684591655
2020-12-07,-0.004575959109348098
2020-12-08,0.012289544107275396
2020-12-09,0.01708322129082229
2020-12-10,0.001308461882755728
2020-12-11,-0.003011035386780148
2020-12-14,-0.012071810436787756
2020-12-15,0.019278657909191095
2020-12-16,0.0066091205009731506
2020-12-17,0.008764858513974598
2020-12-18,-0.002971838526698429
2020-12-21,-0.009826989203699345
2020-12-22,-0.00802276406015116
2020-12-23,-0.0003939588069628587
2020-12-24,0.0028314153041373185
2020-12-28,-0.0010520409349273274
2020-12-29,0.005797965477084521
2020-12-30,0.001106803021073693
2020-12-31,0.011489100031789582
2021-01-04,-0.01276243402593928
2021-01-05,0.006206646193338771
2021-01-06,-0.0019275198549409587
2021-01-07,0.011171655583020246
2021-01-08,0.004038420547153267
2021-01-11,0.04173127540799196
2021-01-12,-0.017470920434375817
2021-01-13,0.014236356177915223
2021-01-14,0.005556461183877843
2021-01-15,0.008455772681830134
2021-01-19,0.01998258216259988
2021-01-20,0.005486252603215311
2021-01-21,-0.003646216220397116
2021-01-22,0.007185673249255333
2021-01-25,0.01614725947243878
2021-01-26,-0.00010500008058202435
2021-01-27,-0.030692071383532277
2021-01-28,0.01084714852692995
2021-01-29,-0.010993076422614727
2021-02-01,-0.006752603603573235
2021-02-02,-0.013120289604107657
2021-02-03,-0.002689020343582214
2021-02-04,0.009038126222826853
2021-02-05,0.004124969110778294
2021-02-08,0.003058109898158198
2021-02-09,-0.006810479562379421
2021-02-10,0.0028651787942003196
2021-02-11,-0.0030517899541257732
2021-02-12,0.010578704438762552
2021-02-16,-0.007824327347131958
2021-02-17,0.008261100879006734
2021-02-18,-0.012045106028425389
2021-02-19,-0.008518512566945047
2021-02-22,0.00272792122590361
2021-02-23,-0.0007002021318084854
2021-02-24,0.007828385178397903
2021-02-25,-0.005320425746352684
2021-02-26,-0.008002420874496688
2021-03-01,0.00664077865037271
2021-03-02,-0.004884564049253147
2021-03-03,-0.008987398223176069
2021-03-04,-0.011298420633645934
2021-03-05,0.02094659701915289
2021-03-08,0.0017172325103572156
2021-03-09,0.0014882829305031175
2021-03-10,0.002937495145223358
2021-03-11,0.0005905612642511459
2021-03-12,0.005816191692465379
2021-03-15,-0.016175828425320053
2021-03-16,0.006854041803259192
2021-03-17,-0.010187772052384607
2021-03-18,-0.008794225933896315
2021-03-19,0.0025397809195240838
2021-03-22,0.010174769667778132
2021-03-23,-0.012758317228943158
2021-03-24,-0.009015449038029411
2021-03-25,0.007615018915571773
2021-03-26,0.017441948975788605
2021-03-29,0.006824451199540341
2021-03-30,-0.009969190751001403
2021-03-31,0.00428034102686844
2021-04-01,-0.004007293376984566
2021-04-05,2.4548376448576524e-05
2021-04-06,-0.008671051539403597
2021-04-07,-0.0013055411103651518
2021-04-08,-0.0017906726350010358
2021-04-09,0.007772968840143156
2021-04-12,-0.003216947705414886
2021-04-13,0.002818257059423863
2021-04-14,0.00028396020125567357
2021-04-15,0.012750031109646832
2021-04-16,0.012020546172928644
2021-04-19,0.0023579062103656102
2021-04-20,0.006009679559019302
2021-04-21,0.005751908264732863
2021-04-22,-0.014341405775077228
2021-04-23,0.004887213457784642
2021-04-26,-0.0034938365557102427
2021-04-27,-0.01131742746246594
2021-04-28,-0.008463245560744213
2021-04-29,-0.005295169326992861
2021-04-30,0.0034618814864532848
2021-05-03,0.017386324378169307
2021-05-04,0.003285967613079423
2021-05-05,0.012636124393078709
2021-05-06,0.0041077087882237535
2021-05-07,0.0054185376656742095
2021-05-10,0.0009070997908874883
2021-05-11,-0.00477223930456787
2021-05-12,-0.002327305410104569
2021-05-13,0.01156461498671702
2021-05-14,0.002408771755823352
2021-05-17,0.0022569667948385266
2021-05-18,-0.003058006972935605
2021-05-19,-0.0007346502538493969
2021-05-20,0.011032194816698867
2021-05-21,-0.003510337893756648
2021-05-24,-0.00021665780210028036
2021-05-25,-0.009585096639609927
2021-05-26,-0.0017640863333629642
2021-05-27,-0.009511547448325068
2021-05-28,0.004390956526096764
2021-06-01,-0.014850619953774255
2021-06-02,0.0037752352284013573
2021-06-03,0.010962798754126578
2021-06-04,0.0010116957572334532
2021-06-07,0.03323233998942203
2021-06-08,-0.007376188957617026
2021-06-09,0.01943096316748418
2021-06-10,0.023197503051054332
2021-06-11,-0.02216459460809951
2021-06-14,0.0028759456704393915
2021-06-15,-0.005552345273085558
2021-06-16,-0.004325834701986179
2021-06-17,0.005297250288720911
2021-06-18,-0.012630753318995127
2021-06-21,0.01068594693569829
2021-06-22,-0.0032983919039292747
2021-06-23,-0.010672624181738899
2021-06-24,0.02788555881579847
2021-06-25,-0.0009219269439917406
2021-06-28,-0.0016405025858969265
2021-06-29,0.0022643784097088303
2021-06-30,0.0039826175357188034
2021-07-01,0.008950549321444654
2021-07-02,0.009586785055779585
2021-07-06,-0.0012466375629154327
2021-07-07,0.004448409293103606
2021-07-08,-0.0008570076433827597
2021-07-09,-0.0005444606981564131
2021-07-12,0.0001905137122412448
2021-07-13,-0.0006745476610872343
2021-07-14,0.003227564700190094
2021-07-15,-0.0071017850313277635
2021-07-16,0.0024843932515305747
2021-07-19,-0.0032846266875539367
2021-07-20,0.0027546166283276092
2021-07-21,0.00450580696414738
2021-07-22,0.00341655251230852
2021-07-23,0.014498358489074534
2021-07-26,-0.0043801633739525775
2021-07-27,0.003742512435960759
2021-07-28,0.007806965788938744
2021-07-29,-0.004989223273470519
2021-07-30,-0.005677380596711076
2021-08-02,0.002869084485956129
2021-08-03,0.020173977736348003
2021-08-04,-0.001826088298828671
2021-08-05,0.006566530350520029
2021-08-06,-0.0030574132370872033
2021-08-09,0.0052484948780347485
2021-08-10,0.004698128886618543
2021-08-11,-0.011094791866794693
2021-08-12,0.006423991230810881
2021-08-13,0.007070168795827233
2021-08-16,0.013825616533422432
2021-08-17,0.012812909550536064
2021-08-18,-0.016055148758027406
2021-08-19,0.006044773361524703
2021-08-20,0.003603250455010635
2021-08-23,-0.0011562875148220793
2021-08-24,-0.010018630147383285
2021-08-25,-0.002553187696266994
2021-08-26,-0.005574577958635109
2021-08-27,-0.00416513341090152
2021-08-30,0.007274098720824787
2021-08-31,-0.005656358901920149
2021-09-01,-0.009457864959121015
2021-09-02,0.007431461280613041
2021-09-03,-0.0002629417941292227
2021-09-07,-0.01660151447773693
2021-09-08,-0.0004791468069748774
2021-09-09,-0.03271762280722068
2021-09-10,-0.0034829748285024396
2021-09-13,-0.00414823329689917
2021-09-14,-0.009360497997597934
2021-09-15,0.00549546456866369
2021-09-16,-0.006017900444780759
2021-09-17,-0.002654361678175015
2021-09-20,-0.003505185530309133
2021-09-21,-0.0003706773668326153
2021-09-22,-0.005400356734494384
2021-09-23,0.010199176331561333
2021-09-24,-0.0028311431845228336
2021-09-27,-0.011897597086022683
2021-09-28,-0.01072911038008301
2021-09-29,0.020017706029614963
2021-09-30,-0.00508514304239887
2021-10-01,0.00612271613814478
2021-10-04,-0.010090902926292698
2021-10-05,0.006916081791045789
2021-10-06,-0.005147475183303939
2021-10-07,0.013628022303299438
2021-10-08,-0.0026345913491796313
2021-10-11,-0.005026676770682984
2021-10-12,-0.007372720576400448
2021-10-13,0.005132550230748574
2021-10-14,0.005169803583429482
2021-10-15,0.0028980316803086143
2021-10-18,-0.007769298389959273
2021-10-19,0.016916254801477588
2021-10-20,0.010430447380478637
2021-10-21,-0.001145846499650965
2021-10-22,0.0041922428515471675
2021-10-25,0.0024600859881734527
2021-10-26,0.01023401457355612
2021-10-27,-0.005964983775052081
2021-10-28,0.016137999216564124
2021-10-29,0.012968156324014143
2021-11-01,-0.0048893464878748995
2021-11-02,0.016203259190017603
2021-11-03,0.015824498932764962
2021-11-04,0.006526850517639057
2021-11-05,-0.018900663031062293
2021-11-08,-0.004041923302290211
2021-11-09,-0.001145500403769977
2021-11-10,0.01000433137866314
2021-11-11,-0.0031133649980447644
2021-11-12,0.00037455004689235027
2021-11-15,-0.0023376432608496257
2021-11-16,-0.0018351718531226173
2021-11-17,0.003460837135028449
2021-11-18,-0.0012268317006923905
2021-11-19,-0.006225384923862637
2021-11-22,-0.004270473159446795
2021-11-23,0.009546374507292975
2021-11-24,-0.0019949352734629153
2021-11-26,-0.007902315130029362
2021-11-29,-0.011105359082968991
2021-11-30,-0.016630379621338863
2021-12-01,0.009222285507843615
2021-12-02,-0.0025249944410017534
2021-12-03,0.0029363373329805817
2021-12-06,0.006481056282078652
2021-12-07,-0.0007263207225807719
2021-12-08,0.00436600425991368
2021-12-09,0.002502819832646807
2021-12-10,0.002695514225899472
2021-12-13,0.014799712464063216
2021-12-14,0.005555816048503235
2021-12-15,0.0440954791423565
2021-12-16,0.01099567253062905
2021-12-17,-0.02012248055686782
2021-12-20,-0.003647332822265839
2021-12-21,-0.0017206498265909067
2021-12-22,0.009875078905200244
2021-12-23,0.008686413647506854
2021-12-27,0.011950189917247478
2021-12-28,-0.002484123201589406
2021-12-29,0.006546516813049961
2021-12-30,-0.0007294910402336794
2021-12-31,-0.00467888091035497
2022-01-03,-0.006210276636441434
2022-01-04,-0.010160435966300735
2022-01-05,-0.004229359513873358
2022-01-06,-0.003103645635547101
2022-01-07,0.006699283715537659
2022-01-10,0.008980249364786272
2022-01-11,0.0032074466221404655
2022-01-12,-0.010994951445273625
2022-01-13,-0.0136257333627762
2022-01-14,-0.003605776932959131
2022-01-18,0.000667113518995726
2022-01-19,-0.006003662449504936
2022-01-20,-0.007933173831187681
2022-01-21,-0.004011302019865434
2022-01-24,-0.009223594749909823
2022-01-25,0.0028777894661257625
2022-01-26,-0.0031736740019547116
2022-01-27,0.006641637883286364
2022-01-28,0.024072961459638685
2022-01-31,-0.001312501357222348
2022-02-01,0.005180602053040121
2022-02-02,0.010127565057112474
2022-02-03,-0.01453072246225962
2022-02-04,-0.005508344629921366
2022-02-07,0.001767341475413678
2022-02-08,-0.0019113082808729497
2022-02-09,0.004667194526058872
2022-02-10,-0.01345531479819311
2022-02-11,-0.007002377833653955
2022-02-14,-0.006083361853035511
2022-02-15,0.018946808025081956
2022-02-16,0.001626160052427621
2022-02-17,-0.012775687219541119
2022-02-18,-0.007177318184060429
2022-02-22,-0.004245985120034224
2022-02-23,-0.0007008681191704389
2022-02-24,-0.0030946710071240316
2022-02-25,0.03264978204966311
2022-02-28,-0.006270469140369297
2022-03-01,-0.005660548620117405
2022-03-02,0.015444537968295376
2022-03-03,0.010401627584695011
2022-03-04,0.009367255048286347
2022-03-07,-0.003449067128446288
2022-03-08,-0.010977077217150282
2022-03-09,0.010673088731621845
2022-03-10,0.0038277420546714144
2022-03-11,0.0005650154250891392
2022-03-14,0.012391116403086981
2022-03-15,0.018776520131571925
2022-03-16,0.00289303928064605
2022-03-17,0.01961021379915899
2022-03-18,0.002955971141807379
2022-03-21,0.0033196920454633965
2022-03-22,-0.005623623990546854
2022-03-23,-0.0081461835362961
2022-03-24,0.010545864426938098
2022-03-25,0.006965122115931191
2022-03-28,0.0062561484269028425
2022-03-29,-0.0017139007173437725
2022-03-30,0.004547911966320877
2022-03-31,-0.008063424881996233
2022-04-01,0.011314561841156
2022-04-04,-0.002440287546200874
2022-04-05,0.0036668630902988155
2022-04-06,0.028304597212421234
2022-04-07,0.015020538876032462
2022-04-08,0.008114573910201548
2022-04-11,-0.014258031501016304
2022-04-12,-0.0065045845217777416
2022-04-13,-0.0036289761103521917
2022-04-14,0.0010114381517914409
2022-04-18,-0.012528854032421642
2022-04-19,0.0003254678069910044
2022-04-20,-5.608565565942237e-05
2022-04-21,-0.004766103581934269
2022-04-22,-0.02629461409245041
2022-04-25,0.014861917197515952
2022-04-26,-0.009636177492151805
2022-04-27,0.0019028629010725386
2022-04-28,0.019267427880536626
2022-04-29,-0.020875185703770612
2022-05-02,-0.008951450765131094
2022-05-03,0.0017979529120021069
2022-05-04,0.01737925100439989
2022-05-05,-0.01245440118440559
2022-05-06,0.0024912024614641274
2022-05-09,-0.017727328023789762
2022-05-10,0.0011027995940227184
2022-05-11,-8.602380589549683e-05
2022-05-12,0.017917109809431554
2022-05-13,0.0014004675816790002
2022-05-16,0.016775749695718836
2022-05-17,0.010409750022066596
2022-05-18,-0.017371683309289503
2022-05-19,-0.010402774306177304
2022-05-20,0.021624439212940244
2022-05-23,0.009916589460837321
2022-05-24,0.007690677925647665
2022-05-25,0.0019346446662169418
2022-05-26,0.00425458785482611
2022-05-27,0.013914754521065836
2022-05-31,-0.0173379691946615
2022-06-01,-0.009318144050503002
2022-06-02,-0.011141723423163543
2022-06-03,-0.0011536536932770364
2022-06-06,-0.0016095895626403877
2022-06-07,0.016261604264319062
2022-06-08,-0.0025653903760489184
2022-06-09,-0.02669741316702271
2022-06-10,-0.016425528474716983
2022-06-13,-0.023510285276980517
2022-06-14,-0.005749175073329195
2022-06-15,0.008631401023963361
2022-06-16,-0.009570167632018832
2022-06-17,0.007294045786625916
2022-06-21,0.026373052274446782
2022-06-22,0.019048098422692356
2022-06-23,0.021040286667329395
2022-06-24,0.02510442193934302
2022-06-27,0.0026346494507215514
2022-06-28,-0.023055173887085532
2022-06-29,0.01024146488416762
2022-06-30,-0.0008876955030945651
2022-07-01,0.007317578844274921
2022-07-05,0.0008011891993146799
2022-07-06,0.003413157787599708
2022-07-07,0.0005839024786128497
2022-07-08,0.0034698210393705247
2022-07-11,0.0014319765341401767
2022-07-12,-0.01271992226144135
2022-07-13,-0.004129200907371993
2022-07-14,0.0024528074359381866
2022-07-15,0.015801918216222458
2022-07-18,-0.025284428600260905
2022-07-19,0.007430906750491664
2022-07-20,-0.013150528609752118
2022-07-21,0.007348720117136858
2022-07-22,0.0003702759349788117
2022-07-25,0.006338853926440394
2022-07-26,0.005010198740731552
2022-07-27,-0.001328534676107991
2022-07-28,-0.0031070797323257387
2022-07-29,-0.008598773792144675
2022-08-01,-0.010945079034725004
2022-08-02,-0.008088788589511467
2022-08-03,0.0004958354789126707
2022-08-04,-0.012555717756923651
2022-08-05,-0.003644949851026099
2022-08-08,0.007461266027026387
2022-08-09,0.002464981291520249
2022-08-10,0.005914782741001465
2022-08-11,-0.010323146356486162
2022-08-12,0.014013330439702347
2022-08-15,0.008473687340741776
2022-08-16,-0.0018002946657353284
2022-08-17,0.0027370660802260166
2022-08-18,-0.0035500309895823458
2022-08-19,0.010823034963434185
2022-08-22,-0.007571626173546706
2022-08-23,-0.016488320965987065
2022-08-24,0.0015614067070486006
2022-08-25,0.007795049800967646
2022-08-26,-0.021040453401446897
2022-08-29,-0.012542146840475193
2022-08-30,-0.005272100151006188
2022-08-31,-0.010288661851181748
2022-09-01,0.025632329279911995
2022-09-02,-0.019641237214637394
2022-09-06,0.0064399629058492025
2022-09-07,0.012755434198245425
2022-09-08,0.019605726851246397
2022-09-09,0.0075673140084898515
2022-09-12,-0.002218601644114129
2022-09-13,-0.028323207592205003
2022-09-14,0.009072446448319758
2022-09-15,0.0032446644424176706
2022-09-16,0.0048581618191847085
2022-09-19,-0.00906334389083423
2022-09-20,-0.00986859448266494
2022-09-21,-0.015771183288940203
2022-09-22,0.027595006724577594
2022-09-23,-0.0016149604100668873
2022-09-26,-0.010168102719901529
2022-09-27,0.003975157145441728
2022-09-28,0.03712720683395246
2022-09-29,-0.010027373925444609
2022-09-30,-0.01772868403111008
2022-10-03,0.011599292912470551
2022-10-04,0.019030836738212202
2022-10-05,0.002768363711055123
2022-10-06,-0.009617037573352437
2022-10-07,-0.011804834325214014
2022-10-10,0.0005881296498779498
2022-10-11,0.014279607672747543
2022-10-12,-0.007090434392728185
2022-10-13,0.024056670574080945
2022-10-14,-0.004654447572699905
2022-10-17,0.011247862896999583
2022-10-18,0.0035772420202387126
2022-10-19,-0.01866039307130591
2022-10-20,-0.0038551517182167047
2022-10-21,0.0274536424156611
2022-10-24,0.02241807544622599
2022-10-25,0.002273481818177374
2022-10-26,0.012882840536421672
2022-10-27,-0.004226422413233985
2022-10-28,0.014384789653217598
2022-10-31,-0.0016443859105019691
2022-11-01,-0.006356820935779991
2022-11-02,-0.006948781100615895
2022-11-03,0.003465717724100717
2022-11-04,0.0008362793766533302
2022-11-07,0.014161159510036474
2022-11-08,0.008769663506654937
2022-11-09,-0.006349796320984313
2022-11-10,0.013060767413146213
2022-11-11,-0.025794483839182463
2022-11-14,0.012470431492624891
2022-11-15,-0.00619508875600028
2022-11-16,0.0033739274828102983
2022-11-17,0.012739977258456906
2022-11-18,0.007615688849793289
2022-11-21,0.00458833112108433
2022-11-22,0.006871496152708617
2022-11-23,-0.0014831096670705497
2022-11-25,0.004965173924719629
2022-11-28,-6.342540126094808e-05
2022-11-29,-0.0028002434629088666
2022-11-30,0.016363100531865276
2022-12-01,0.0025433444749307765
2022-12-02,0.005671939161572073
2022-12-05,-0.007976405001225952
2022-12-06,-0.008215757966287157
2022-12-07,0.009752703573268342
2022-12-08,0.004693340009282867
2022-12-09,-0.018249831836286538
2022-12-12,0.01016736860032017
2022-12-13,-0.004127516675206832
2022-12-14,0.007810288998748171
2022-12-15,-0.014475085577735206
2022-12-16,-0.008493916517764138
2022-12-19,-0.003961885408905577
2022-12-20,0.00196891426018353
2022-12-21,0.013014305061565574
2022-12-22,-0.001826468501243872
2022-12-23,0.001645372487601032
2022-12-27,-0.004642396262806573
2022-12-28,-0.0037599697600212297
2022-12-29,0.005973227390585909
2022-12-30,-0.00268035543353515
2023-01-03,0.00040462271161760153
2023-01-04,0.002943441711536219
2023-01-05,-0.0029798587608234222
2023-01-06,0.014338870975420526
2023-01-09,-0.032098210082887636
2023-01-10,0.004968414661996615
2023-01-11,0.005580959241594185
2023-01-12,-0.0034414972219398193
2023-01-13,0.00644976757815602
2023-01-17,-0.007171510099646328
2023-01-18,-0.015950661445835054
2023-01-19,-0.0006365395188965232
2023-01-20,-0.0019890851646526264
2023-01-23,-0.003766237635723559
2023-01-24,-0.0004180319345921427
2023-01-25,0.004311256102953505
2023-01-26,-0.004265905299746798
2023-01-27,-0.009894465475941316
2023-01-30,-0.007859535534252142
2023-01-31,0.011403284531597332
2023-02-01,-0.003830724324548162
2023-02-02,-0.01648301598145021
2023-02-03,0.007553153180742688
2023-02-06,-0.0018354480184415592
2023-02-07,0.004369672926326297
2023-02-08,-0.0038629722954180825
2023-02-09,-0.0012350764677085673
2023-02-10,0.011489988382960678
2023-02-13,0.009482053674102674
2023-02-14,-0.006028643863204663
2023-02-15,-0.0171883243142246
2023-02-16,-0.016938065706183218
2023-02-17,0.013703400986737752
2023-02-21,-0.006680248985408794
2023-02-22,-0.00079319838881102
2023-02-23,0.0017530222399954499
2023-02-24,-0.012003185738246512
2023-02-27,-0.006263198593625691
2023-02-28,-0.010292163804836631
2023-03-01,0.004880822451727914
2023-03-02,0.001476094925809801
2023-03-03,0.008353654283861834
2023-03-06,0.004817825332612884
2023-03-07,-0.01709211045922369
2023-03-08,-0.007977921552968741
2023-03-09,-0.0031852098612656365
2023-03-10,-8.042981350518804e-05
2023-03-13,0.014274970904355627
2023-03-14,0.008088554863534271
2023-03-15,0.004382758641619206
2023-03-16,0.0017001891214978295
2023-03-17,-0.01059813022684182
2023-03-20,0.013555622871735167
2023-03-21,-0.0018479421903857603
2023-03-22,-0.010655917281068157
2023-03-23,0.007782803748551892
2023-03-24,0.012308616314531298
2023-03-27,0.0005714541005953105
2023-03-28,0.000685973888444869
2023-03-29,0.0009405481123067619
2023-03-30,0.0055401676300009615
2023-03-31,0.009219329080052756
2023-04-03,0.013855657373322543
2023-04-04,0.004197149424176649
2023-04-05,0.022161922751213113
2023-04-06,0.007192962084192143
2023-04-10,-0.003206568716616436
2023-04-11,-0.0026223584592468658
2023-04-12,0.0047513099602657476
2023-04-13,0.013685661688151234
2023-04-14,-0.0023989528812418245
2023-04-17,-0.0037245927473583446
2023-04-18,-0.009740272516125137
2023-04-19,0.007210434513687982
2023-04-20,0.0015745732812904342
2023-04-21,0.011938328225446748
2023-04-24,-0.0001042019057061977
2023-04-25,0.0012542089767082656
2023-04-26,-0.020066555282692626
2023-04-27,0.008750731106710364
2023-04-28,0.008398345629143414
2023-05-01,0.012963785140857196
2023-05-02,-0.0016386518497641036
2023-05-03,0.014054262768299939
2023-05-04,-0.00765807075088599
2023-05-05,0.004313029559465187
2023-05-08,0.002113390783765861
2023-05-09,-0.006319352158921734
2023-05-10,0.00641088282886875
2023-05-11,-0.002554811429859176
2023-05-12,-0.0010142112968267215
2023-05-15,-0.0019487955390034342
2023-05-16,-0.00548660257518924
2023-05-17,-0.002272459187206736
2023-05-18,-0.002536079532606487
2023-05-19,0.00803682118222523
2023-05-22,-0.005421746730662445
2023-05-23,-0.011665475625781605
2023-05-24,-0.003987741658647408
2023-05-25,-0.009443608988193198
2023-05-26,-0.0040147592430904155
2023-05-30,-0.0037604039463100857
2023-05-31,0.007618696745546093
2023-06-01,0.000315441117010977
2023-06-02,0.01581829856059793
2023-06-05,0.005202907005553205
2023-06-06,-0.00771226157627111
2023-06-07,-0.006048739969785692
2023-06-08,0.012215344323557534
2023-06-09,0.0004469652275018134
2023-06-12,0.0004463262171448464
2023-06-13,0.004521296499699611
2023-06-14,-0.0010471145038655704
2023-06-15,0.012086572739329494
2023-06-16,0.0007597157326594719
2023-06-20,0.0009399536942069946
2023-06-21,-0.0008788824248602592
2023-06-22,0.01008288282412779
2023-06-23,-0.001863609927416854
2023-06-26,-0.010259903714100174
2023-06-27,0.000186575912823343
2023-06-28,-0.006632047544028059
2023-06-29,0.006482563915799281
2023-06-30,0.010573514926225248
2023-07-03,-0.008171497722559278
2023-07-05,0.004202686169177756
2023-07-06,-0.008788351880345747
2023-07-07,-0.01818301444504568
2023-07-10,0.005327735072342848
2023-07-11,-0.008980552217804302
2023-07-12,-0.0011779902838524015
2023-07-13,-0.0025946129869650813
2023-07-14,0.014931255087254975
2023-07-17,-0.005791112193578463
2023-07-18,0.007054200863607686
2023-07-19,0.0024081018897020756
2023-07-20,0.02663234673526534
2023-07-21,0.007934285353580898
2023-07-24,-0.0038859436049358625
2023-07-25,-0.005057086342643686
2023-07-26,-0.002785689603461993
2023-07-27,0.0023892005851874005
2023-07-28,0.006844576015936983
2023-07-31,-0.009567639845297739
2023-08-01,-0.005293869965547193
2023-08-02,0.002211607491254969
2023-08-03,-0.003814439748009319
2023-08-04,-0.000989196945368071
2023-08-07,0.0150138704042131
2023-08-08,0.04509254932931936
2023-08-09,0.003476461332814496
2023-08-10,-0.0025589739414808113
2023-08-11,0.01045039637872625
2023-08-14,0.007879645158575987
2023-08-15,0.0032903221220996525
2023-08-16,-0.0033234416311037924
2023-08-17,-0.0017581248414014865
2023-08-18,0.004012513484177286
2023-08-21,0.0016424410534670497
2023-08-22,-0.0037914889437631587
2023-08-23,0.0020603434894769347
2023-08-24,-0.00804573433013033
2023-08-25,0.007375741098496767
2023-08-28,-0.0033583718522528024
2023-08-29,0.003397138377608837
2023-08-30,-0.003407490130978347
2023-08-31,-0.004147570369959346
2023-09-01,0.004137884665853716
2023-09-05,-0.007867629968701918
2023-09-06,-0.006794367805557046
2023-09-07,0.01398751939724343
2023-09-08,0.010545059561768488
2023-09-11,0.0077437705902090315
2023-09-12,0.0027404926288504767
2023-09-13,-0.0014150723770306255
2023-09-14,0.0012637913211897298
2023-09-15,-0.01424406326039801
2023-09-18,-0.0005247284193615775
2023-09-19,0.0033231313571048873
2023-09-20,-0.002179506271783251
2023-09-21,-0.015168163874920954
2023-09-22,-0.003699914445759932
2023-09-25,0.0021419250477767797
2023-09-26,-0.004847540959737697
2023-09-27,-0.005698945386979987
2023-09-28,-0.00039283970192679444
2023-09-29,-0.00970836744041157
2023-10-02,-0.001471500683913541
2023-10-03,-0.011487947836419671
2023-10-04,0.005785734901806959
2023-10-05,0.0107069122208615
2023-10-06,0.016119866153800694
2023-10-09,0.005620375609296436
2023-10-10,0.0038684890139580835
2023-10-11,0.012065259173163418
2023-10-12,0.0015074747213504013
2023-10-13,-0.00045112561591833747
2023-10-16,0.008843840030263284
2023-10-17,-0.005534334728233884
2023-10-18,-0.00774501504648139
2023-10-19,-0.01610452272815671
2023-10-20,-0.00012878307630604855
2023-10-23,-0.008116628174186038
2023-10-24,0.009000766577177946
2023-10-25,-0.005315179015928909
2023-10-26,-0.011678348239519328
2023-10-27,-0.023578370642787165
2023-10-30,0.008513691200164491
2023-10-31,-0.005144508500119407
2023-11-01,0.004832486989197412
2023-11-02,0.02041246199679875
2023-11-03,-0.0025344541824897336
2023-11-06,0.017598040914391835
2023-11-07,0.00030946385972928755
2023-11-08,0.0079368197833826
2023-11-09,-0.03004395161130348
2023-11-10,0.0037925652284024757
2023-11-13,0.009469180566745347
2023-11-14,0.0006026993149670628
2023-11-15,-0.00967552281295687
2023-11-16,0.001592107221124605
2023-11-17,0.001409333395227924
2023-11-20,0.006331797189569432
2023-11-21,-0.0020954281181039813
2023-11-22,0.0017626458176755366
2023-11-24,0.005784921120030837
2023-11-27,-0.008250225101404017
2023-11-28,-0.003477932182056102
2023-11-29,0.005250775733599631
2023-11-30,0.010446315038746067
2023-12-01,-0.0006642927295649505
2023-12-04,0.005218824965611866
2023-12-05,0.001651260136664424
2023-12-06,-0.00011077848675165443
2023-12-07,-0.0015052150498865988
2023-12-08,0.004226501793480667
2023-12-11,-0.0005537458048481212
2023-12-12,0.0035951192732029207
2023-12-13,0.01763490032600588
2023-12-14,-0.01263007839176169
2023-12-15,-0.004999864103325855
2023-12-18,0.0054398422287163135
2023-12-19,0.005326362915862933
2023-12-20,-0.014426069144485883
2023-12-21,0.007943606716248604
2023-12-22,0.006210205203345421
2023-12-26,0.0005647713121101633
2023-12-27,0.00912253316489357
2023-12-28,0.0022779405810855256
2023-12-29,0.0008554926623393216
2024-01-02,0.023144525789414044
2024-01-03,0.016474230351139908
2024-01-04,0.0020473095001551085
2024-01-05,0.003872478459155942
2024-01-08,0.006002127253562294
2024-01-09,0.00024148411151184168
2024-01-10,0.004514340574977134
2024-01-11,-0.00038918325289346477
2024-01-12,0.007355392222918993
2024-01-16,-0.007370331826611005
2024-01-17,-0.0038261842817862517
2024-01-18,-0.0007189129611617336
2024-01-19,0.006360280539164915
2024-01-22,0.0036412076028136393
2024-01-23,0.0003280754580072064
2024-01-24,-0.006782300929730483
2024-01-25,0.00044905979422472486
2024-01-26,0.005468002547830716
2024-01-29,0.005525495498313992
2024-01-30,0.0005984793146200857
2024-01-31,-0.0035055656050472324
2024-02-01,0.0184071954022571
2024-02-02,-0.001648791431890385
2024-02-05,0.016244751005263663
2024-02-06,0.005795038806826338
2024-02-07,0.005453116654257934
2024-02-08,0.0020337158048055457
2024-02-09,0.0005110454996030161
2024-02-12,-0.00012704323443143102
2024-02-13,-0.00367900356098508
2024-02-14,0.007801812515181142
2024-02-15,0.008363205675041103
2024-02-16,0.009884722959944319
2024-02-20,-0.009183917604813045
2024-02-21,-0.0009419701329978635
2024-02-22,0.015697114781932007
2024-02-23,0.005123291970835163
2024-02-26,-0.0022679138789224933
2024-02-27,-0.004471861877173093
2024-02-28,-0.004374336200908754
2024-02-29,-0.00865551973985733
2024-03-01,0.017763996973107883
2024-03-04,-0.0043245268860556945
2024-03-05,-0.007283247170183244
2024-03-06,0.0062977564718632905
2024-03-07,-0.0010253082041267294
2024-03-08,-0.006034636665093636
2024-03-11,-0.006878118203650789
2024-03-12,0.010109336147558531
2024-03-13,-0.0026183709484880946
2024-03-14,-0.0038067254252806713
2024-03-15,-0.007323538222024186
2024-03-18,0.00031282554076795155
2024-03-19,0.006339152747251337
2024-03-20,-0.0014910876971441838
2024-03-21,0.0007974818681577219
2024-03-22,-0.0009866092311231378
2024-03-25,0.003235759526281262
2024-03-26,0.003331655544991352
2024-03-27,0.013467129806608585
2024-03-28,0.0014963520343722458
2024-04-01,-0.010323177668789383
2024-04-02,-0.0037498664064105477
2024-04-03,-0.002849280574451369
2024-04-04,-0.017508970683744685
2024-04-05,0.009508078426879538
2024-04-08,-0.00618455688884872
2024-04-09,-0.0041308364428403925
2024-04-10,-0.005615123630143184
2024-04-11,-0.0038262339689587293
2024-04-12,-0.012226379043361966
2024-04-15,-0.0009142450197927231
2024-04-16,-0.006135323655032628
2024-04-17,8.09119433940941e-05
2024-04-18,-0.0018020101444992571
2024-04-19,0.000870886221379072
2024-04-22,0.007313125566281274
2024-04-23,0.008952215472059273
2024-04-24,-0.007979314087487192
2024-04-25,-0.008179575274407968
2024-04-26,-0.000489826298171452
2024-04-29,0.005165650649654777
2024-04-30,0.013296238155905997
2024-05-01,0.009906070385301733
2024-05-02,-0.008319250737702162
2024-05-03,0.001567591104527997
2024-05-06,0.010367430672191693
2024-05-07,0.007964022986469812
2024-05-08,-0.001328023572517735
2024-05-09,0.0029894614611380107
2024-05-10,-0.004501716596228684
2024-05-13,0.0020959885600434235
2024-05-14,0.002098667268193231
2024-05-15,0.019037076382183674
2024-05-16,-0.005887337663798183
2024-05-17,0.0011168154678832256
2024-05-20,0.0016095539263265212
2024-05-21,0.005130090102450604
2024-05-22,0.0021937479567077016
2024-05-23,-0.005914339617225489
2024-05-24,-0.004562903966930023
2024-05-28,-0.012347152460423625
2024-05-29,-0.0031602702596751045
2024-05-30,0.005085134413226341
2024-05-31,0.012759598584705989
2024-06-03,0.011935709703721561
2024-06-04,0.0036837215174056965
2024-06-05,0.002111670159477327
2024-06-06,0.0038402426403152078
2024-06-07,0.007490559773445659
2024-06-10,0.006598075185230182
2024-06-11,-0.0028356253856864897
2024-06-12,-0.004880253728419749
2024-06-13,0.0037634625422567967
2024-06-14,-0.00012126661712356246
2024-06-17,0.0010805312382829906
2024-06-18,0.004042039986363266
